{
	"pattrstorage" : 	{
		"name" : "parameters",
		"slots" : 		{
			"1" : 			{
				"id" : 1,
				"data" : 				{
					"buffread" : [ 4300000.0, 0.0, 50000.0, 0.0, 38000.011970768253377, 0, 503191.456593527225778, 30000.000945060499362, 0, 1120744.607867402024567, 34666.667758736584801, 0, 1555319.047652720008045, 30666.667632728520402, 0, 1989893.487438040087, 22000.000693044385116, 0, 2630358.471511573530734, 34666.676495297288056, 0, 3476595.518282551784068, 30000.000945060499362, 0, 4208510.364236771129072, 38000.001197076664539, 0, "linear" ],
					"envelope" : [ 8191.0, 0.0, 1.0, 0.0, 0.574074074074074, 0, 602.279418999999962, 0.592592592592593, 0, 1023.875, 0.611111111111111, 0, 1686.382352941176578, 0.648148148148148, 0, 1927.294117647058783, 0.537037037037037, 0, 2348.889705882353155, 0.388888888888889, 0, 2770.485294117646845, 0.5, 0, 3192.080882352940989, 0.481481481481481, 0, 3914.816176470588289, 0.592592592592593, 0, 4697.77941176470631, 0.518518518518518, 0, 5661.426269999999931, 0.407407, 0, 6504.617647058823422, 0.62962962962963, 0, 7287.580882352941444, 0.592592592592593, 0, 8191.0, 0.537037037037037, 0, 8191.0, 0.592592592592593, 0, "linear" ],
					"fixeddev" : [ 0.0, 0.0, 0.0, 0.0, 0.0, 0.0, 0.0, 0.0, 0.0, 0.0 ],
					"grdev1" : [ 0.0 ],
					"grdev2" : [ 0.0 ],
					"grdur" : [ 186.0 ],
					"grdurdev" : [ 0.0 ],
					"lfofreq" : [ 1.0 ],
					"range" : [ 50000.0 ],
					"timestretch" : [ 86.0 ],
					"transpo" : [ 1.245 ],
					"Kick::patcher::komp-demo" : [  ]
				}

			}
,
			"2" : 			{
				"id" : 2,
				"data" : 				{
					"buffread" : [ 1240000.0, 0.0, 50000.0, 0.0, 4333.33333333333303, 0, 131914.888119165669195, 21000.0, 0, 263829.776238331338391, 15666.66666666666606, 0, 441914.875199204601813, 27666.666666666667879, 0, 573829.749865872669034, 22000.000693044385116, 0, 784893.584309035097249, 29666.666666666667879, 0, 1002553.12620244268328, 30000.000945060499362, 0, 1239999.94832015526481, 50000.0, 0, "linear" ],
					"envelope" : [ 8191.0, 0.0, 1.0, 0.0, 1.0, 0, 1264.786764705882433, 0.805555555555556, 0, 2529.573529411764866, 0.972222222222222, 0, 3854.588235294117567, 1.0, 0, 5300.058823529411711, 1.0, 0, 6323.933823529411711, 0.842592592592593, 0, 7468.264705882353155, 1.0, 0, 8191.0, 0.731481481481482, 0, "linear" ],
					"fixeddev" : [ 0.0, 0.0, 0.0, 0.0, 0.0, 0.0, 0.0, 0.0, 0.0, 0.0 ],
					"grdev1" : [ -1.850000000000001 ],
					"grdev2" : [ 1.297 ],
					"grdur" : [ 186.0 ],
					"grdurdev" : [ 0.55 ],
					"lfofreq" : [ 1.0 ],
					"range" : [ 50000.0 ],
					"timestretch" : [ 24.800000000000001 ],
					"transpo" : [ 1.25 ],
					"Kick::patcher::komp-demo" : [  ]
				}

			}
,
			"3" : 			{
				"id" : 3,
				"data" : 				{
					"buffread" : [ 50000.0, 0.0, 50000.0, 0.0, 37062.687944339122623, 0, 6238.339051265844319, 31472.906835765032156, 0, 13852.02513217447995, 34800.559370125556597, 0, 19087.45664062618016, 30800.560378828213288, 0, 24436.797970080231607, 25347.526990851332812, 0, 31724.528931187018316, 32390.34134876835742, 0, 41199.993144265470619, 32276.314609056866175, 0, "linear" ],
					"envelope" : [ 6968.0869140625, 0.0, 0.850890576839447, 0.0, 0.560839163141787, 0, 624.793753429178878, 0.540450893213223, 0, 1126.543392343309506, 0.581346851296026, 0, 1802.572882966804627, 0.611282882221245, 0, 2211.942494703094326, 0.535617303602057, 0, 2672.806962030634622, 0.408016227592032, 0, 3154.11401761505158, 0.510395444062328, 0, 3563.872014300398405, 0.452214190899396, 0, "linear" ],
					"fixeddev" : [ 0.0, 0.0, 0.0, 0.0, 0.0, 0.0, 0.0, 0.0, 0.0, 0.0 ],
					"grdev1" : [ -0.678929732191563 ],
					"grdev2" : [ 0.398138647693396 ],
					"grdur" : [ 186.0 ],
					"grdurdev" : [ 0.0 ],
					"lfofreq" : [ 0.850890547848673 ],
					"range" : [ 49999.998659883880464 ],
					"timestretch" : [ 1.0 ],
					"transpo" : [ 1.239565544390679 ],
					"Kick::patcher::komp-demo" : [ -1 ]
				}

			}

		}

	}

}
